title,eventtype,start_date,end_date,address,lat,lng,unique id ,keywords,image,institution_id,group_id,english description,French description,German description,Italian description,Portuese description,spanish description
Peakyfffff,Sport event,07-04-2022,09-01-2023,barot,dd,dd,dd5,ahaha,,innn@getnada.com,,Happfffffffffy Apple,arbre,Baum,albero,árvore,árbol
Blinders,Concert,02-05-2022,06-06-2022,Lu,e,e,er1,ddd,,innn@getnada.com,,war with ukraine should stop now ,la guerra con ucrania debe terminar ahora,,,,
Barrel of tubs,Concert,03-05-2022,07-06-2022,Lucknow,e,e,er2,ddd,,innn@getnada.com,,Hi alll,,,,,
Houses,Concert,04-05-2022,08-06-2022,Lu,e,e,er3,ddd,,innn@getnada.com,,Hss,,,,,
Tomo,Concert,05-05-2022,09-06-2022,Lu,e,e,er4,ddd,,innn@getnada.com,,Hss,,,,,
FIFA,Concert,06-05-2022,10-06-2022,Lu,e,e,er5,ddd,,innn@getnada.com,,Hss,,,,,
Cricket,Concert,07-05-2022,11-06-2022,Lu,e,e,er6,ddd,,innn@getnada.com,,Hss,,,,,
Hockey,Concert,08-05-2022,12-06-2022,Lu,e,e,er7,ddd,,innn@getnada.com,,Hss,,,,,
AP,Concert,09-05-2022,13-06-2022,Lu,e,e,3,ddd,,innn@getnada.com,,Hss,,,,,
